"","term","estimate","std.error","p.value","conf.low","conf.high"
"1","(Intercept)",0.107066398272583,0.00467421166312826,0,0.106088694708173,0.108050662517989
"2","pha",1.34842408547028,0.0130078371289311,7.17644950389316e-117,1.31440074664535,1.38316203512615
