"","term","estimate","std.error","p.value","conf.low","conf.high"
"1","(Intercept)",0.107066398272791,0.00467421166304559,0,0.106088694707938,0.108050662518185
"2","pha_agencyKCHA",1.28774475009685,0.0171444773895839,3.0465058880745e-49,1.24503923800296,1.331591471286
"3","pha_agencySHA",1.42687786225008,0.018533512986958,5.34868637430391e-82,1.37578044570466,1.47945522118151
